{
  "swirlTextSource": "Genesis 1:1-5",
  "swirlField": [
    {
      "id": "582967534d0f909d196b97f9e6921342777aea87b46fa52df165389db1fb8ccf",
      "word": "in",
      "index": 0,
      "freqValue": 773.891,
      "vector": {
        "angle": 0,
        "radius": 1.0,
        "direction": "inward"
      },
      "linkedWords": [
        "begin",
        "het"
      ]
    },
    {
      "id": "68419b272cd4eb1bc141223af377470bcb4f3b30a11c3849d2eb8afcf66d6ccb",
      "word": "het",
      "index": 1,
      "freqValue": 890.009,
      "vector": {
        "angle": 17,
        "radius": 1.5,
        "direction": "outward"
      },
      "linkedWords": [
        "schiep",
        "begin",
        "in"
      ]
    },
    {
      "id": "e6f07d43b5c21db0fbb9a31feac2dc599787763393dd5acbfad80e247eb02ad5",
      "word": "begin",
      "index": 2,
      "freqValue": 826.829,
      "vector": {
        "angle": 34,
        "radius": 2.0,
        "direction": "inward"
      },
      "linkedWords": [
        "schiep",
        "god",
        "in",
        "het"
      ]
    },
    {
      "id": "0b3adebf588e6533d861b6c931a09300e4904102aaeefc2ecffd99f0e34ab8f7",
      "word": "schiep",
      "index": 3,
      "freqValue": 696.058,
      "vector": {
        "angle": 51,
        "radius": 2.5,
        "direction": "outward"
      },
      "linkedWords": [
        "de",
        "god",
        "begin",
        "het"
      ]
    },
    {
      "id": "5723360ef11043a879520412e9ad897e0ebcb99cc820ec363bfecc9d751a1a99",
      "word": "god",
      "index": 4,
      "freqValue": 868.951,
      "vector": {
        "angle": 68,
        "radius": 3.0,
        "direction": "inward"
      },
      "linkedWords": [
        "de",
        "schiep",
        "begin",
        "hemel"
      ]
    },
    {
      "id": "959a45d44e6fcf58361ed004681556fe50129f2109e817dec098c00c9e5d2578",
      "word": "de",
      "index": 5,
      "freqValue": 916.522,
      "vector": {
        "angle": 85,
        "radius": 3.5,
        "direction": "outward"
      },
      "linkedWords": [
        "schiep",
        "en",
        "hemel",
        "god"
      ]
    },
    {
      "id": "230289dd601e65adad35c7423a7c69d2431b1db14c79115ea1dd6fad68f80706",
      "word": "hemel",
      "index": 6,
      "freqValue": 683.262,
      "vector": {
        "angle": 102,
        "radius": 1.0,
        "direction": "inward"
      },
      "linkedWords": [
        "de",
        "god",
        "en"
      ]
    },
    {
      "id": "dbd3a49d0d906b4ed9216b73330d2fb080ef2f758c12f3885068222e5e17151c",
      "word": "en",
      "index": 7,
      "freqValue": 739.181,
      "vector": {
        "angle": 119,
        "radius": 1.5,
        "direction": "outward"
      },
      "linkedWords": [
        "de",
        "hemel",
        "aarde"
      ]
    },
    {
      "id": "959a45d44e6fcf58361ed004681556fe50129f2109e817dec098c00c9e5d2578",
      "word": "de",
      "index": 8,
      "freqValue": 916.522,
      "vector": {
        "angle": 136,
        "radius": 2.0,
        "direction": "inward"
      },
      "linkedWords": [
        "de",
        "en",
        "hemel",
        "aarde"
      ]
    },
    {
      "id": "5f99eb5c11ac41868da9d3057ad20a8077db6f914d632a4cfa92372b6f0fb5c0",
      "word": "aarde",
      "index": 9,
      "freqValue": 132.352,
      "vector": {
        "angle": 153,
        "radius": 2.5,
        "direction": "outward"
      },
      "linkedWords": [
        "de",
        "en",
        "aarde"
      ]
    },
    {
      "id": "959a45d44e6fcf58361ed004681556fe50129f2109e817dec098c00c9e5d2578",
      "word": "de",
      "index": 10,
      "freqValue": 916.522,
      "vector": {
        "angle": 170,
        "radius": 3.0,
        "direction": "inward"
      },
      "linkedWords": [
        "de",
        "nu",
        "aarde"
      ]
    },
    {
      "id": "5f99eb5c11ac41868da9d3057ad20a8077db6f914d632a4cfa92372b6f0fb5c0",
      "word": "aarde",
      "index": 11,
      "freqValue": 132.352,
      "vector": {
        "angle": 187,
        "radius": 3.5,
        "direction": "outward"
      },
      "linkedWords": [
        "de",
        "nu",
        "was",
        "aarde"
      ]
    },
    {
      "id": "3086cf468ccca87cc7840e0755947526a039eea35f486002d7f1c53d7c58686a",
      "word": "nu",
      "index": 12,
      "freqValue": 245.252,
      "vector": {
        "angle": 204,
        "radius": 1.0,
        "direction": "inward"
      },
      "linkedWords": [
        "de",
        "was",
        "woest",
        "aarde"
      ]
    },
    {
      "id": "b63b99f6383ba713b57ddfc77737c5f71639fa6f4663efe60a66a8c6d114b545",
      "word": "was",
      "index": 13,
      "freqValue": 313.2,
      "vector": {
        "angle": 221,
        "radius": 1.5,
        "direction": "outward"
      },
      "linkedWords": [
        "woest",
        "nu",
        "en",
        "aarde"
      ]
    },
    {
      "id": "18814eef74000ebf1a21b6210788a1cbddcd742b0419dcfe4eb22b3003682bfc",
      "word": "woest",
      "index": 14,
      "freqValue": 826.846,
      "vector": {
        "angle": 238,
        "radius": 2.0,
        "direction": "inward"
      },
      "linkedWords": [
        "en",
        "leeg",
        "nu",
        "was"
      ]
    },
    {
      "id": "dbd3a49d0d906b4ed9216b73330d2fb080ef2f758c12f3885068222e5e17151c",
      "word": "en",
      "index": 15,
      "freqValue": 739.181,
      "vector": {
        "angle": 255,
        "radius": 2.5,
        "direction": "outward"
      },
      "linkedWords": [
        "woest",
        "leeg",
        "en",
        "was"
      ]
    },
    {
      "id": "a96ee790b59b8c15579867693e02ef2f951795849150efb0c86c8d6882e6fdd9",
      "word": "leeg",
      "index": 16,
      "freqValue": 998.347,
      "vector": {
        "angle": 272,
        "radius": 3.0,
        "direction": "inward"
      },
      "linkedWords": [
        "woest",
        "en",
        "duisternis"
      ]
    },
    {
      "id": "dbd3a49d0d906b4ed9216b73330d2fb080ef2f758c12f3885068222e5e17151c",
      "word": "en",
      "index": 17,
      "freqValue": 739.181,
      "vector": {
        "angle": 289,
        "radius": 3.5,
        "direction": "outward"
      },
      "linkedWords": [
        "leeg",
        "en",
        "lag",
        "duisternis"
      ]
    },
    {
      "id": "0041b20e74553ce7bca6b7daf5dc2d210dc656e4667a8de9150acde0fbe1e1ec",
      "word": "duisternis",
      "index": 18,
      "freqValue": 801.153,
      "vector": {
        "angle": 306,
        "radius": 1.0,
        "direction": "inward"
      },
      "linkedWords": [
        "leeg",
        "en",
        "lag",
        "over"
      ]
    },
    {
      "id": "2d0042b2b8a5540b43137ce0d6b0adda2130f2cf573c9eb7c4cfb83e442dc988",
      "word": "lag",
      "index": 19,
      "freqValue": 202.12,
      "vector": {
        "angle": 323,
        "radius": 1.5,
        "direction": "outward"
      },
      "linkedWords": [
        "de",
        "en",
        "over",
        "duisternis"
      ]
    },
    {
      "id": "5fb6a47e368e12e5d8b19280796e6a3d146fe391ed2e967d5f95c55bfb0f9c2f",
      "word": "over",
      "index": 20,
      "freqValue": 149.847,
      "vector": {
        "angle": 340,
        "radius": 2.0,
        "direction": "inward"
      },
      "linkedWords": [
        "de",
        "lag",
        "watervloed",
        "duisternis"
      ]
    },
    {
      "id": "959a45d44e6fcf58361ed004681556fe50129f2109e817dec098c00c9e5d2578",
      "word": "de",
      "index": 21,
      "freqValue": 916.522,
      "vector": {
        "angle": 357,
        "radius": 2.5,
        "direction": "outward"
      },
      "linkedWords": [
        "en",
        "lag",
        "watervloed",
        "over"
      ]
    },
    {
      "id": "4ccb99fffab0f058baded88027a3321763f959a551c743c1cfc3e63975927e45",
      "word": "watervloed",
      "index": 22,
      "freqValue": 262.375,
      "vector": {
        "angle": 14,
        "radius": 3.0,
        "direction": "inward"
      },
      "linkedWords": [
        "de",
        "en",
        "over"
      ]
    },
    {
      "id": "dbd3a49d0d906b4ed9216b73330d2fb080ef2f758c12f3885068222e5e17151c",
      "word": "en",
      "index": 23,
      "freqValue": 739.181,
      "vector": {
        "angle": 31,
        "radius": 3.5,
        "direction": "outward"
      },
      "linkedWords": [
        "de",
        "geest",
        "watervloed"
      ]
    },
    {
      "id": "959a45d44e6fcf58361ed004681556fe50129f2109e817dec098c00c9e5d2578",
      "word": "de",
      "index": 24,
      "freqValue": 916.522,
      "vector": {
        "angle": 48,
        "radius": 1.0,
        "direction": "inward"
      },
      "linkedWords": [
        "geest",
        "en",
        "watervloed",
        "van"
      ]
    },
    {
      "id": "171d7e394bf00cc9bfeee18957b18d2fa8827f66c93e15a24821f9a3be82d69b",
      "word": "geest",
      "index": 25,
      "freqValue": 219.425,
      "vector": {
        "angle": 65,
        "radius": 1.5,
        "direction": "outward"
      },
      "linkedWords": [
        "de",
        "van",
        "en",
        "god"
      ]
    },
    {
      "id": "970b1897af0abab6127d77e3306c1a712c5d931a2719ecd338f57411e534ec3c",
      "word": "van",
      "index": 26,
      "freqValue": 506.392,
      "vector": {
        "angle": 82,
        "radius": 2.0,
        "direction": "inward"
      },
      "linkedWords": [
        "de",
        "god",
        "geest",
        "zweefde"
      ]
    },
    {
      "id": "5723360ef11043a879520412e9ad897e0ebcb99cc820ec363bfecc9d751a1a99",
      "word": "god",
      "index": 27,
      "freqValue": 868.951,
      "vector": {
        "angle": 99,
        "radius": 2.5,
        "direction": "outward"
      },
      "linkedWords": [
        "van",
        "geest",
        "boven",
        "zweefde"
      ]
    },
    {
      "id": "370ea077a0ef1162100b779eb2ad62033cc305e65e202086f6eb28037f321700",
      "word": "zweefde",
      "index": 28,
      "freqValue": 210.781,
      "vector": {
        "angle": 116,
        "radius": 3.0,
        "direction": "inward"
      },
      "linkedWords": [
        "god",
        "van",
        "boven",
        "het"
      ]
    },
    {
      "id": "b1db53898ebe866fccb6d8884077e7f1a9592ad758db8223dec4858801323533",
      "word": "boven",
      "index": 29,
      "freqValue": 346.649,
      "vector": {
        "angle": 133,
        "radius": 3.5,
        "direction": "outward"
      },
      "linkedWords": [
        "god",
        "water",
        "het",
        "zweefde"
      ]
    },
    {
      "id": "68419b272cd4eb1bc141223af377470bcb4f3b30a11c3849d2eb8afcf66d6ccb",
      "word": "het",
      "index": 30,
      "freqValue": 890.009,
      "vector": {
        "angle": 150,
        "radius": 1.0,
        "direction": "inward"
      },
      "linkedWords": [
        "water",
        "en",
        "boven",
        "zweefde"
      ]
    },
    {
      "id": "0f4168490e38b8447e11ba4bd656aa11b925bd22af30bac464bc153fdb608501",
      "word": "water",
      "index": 31,
      "freqValue": 980.246,
      "vector": {
        "angle": 167,
        "radius": 1.5,
        "direction": "outward"
      },
      "linkedWords": [
        "god",
        "en",
        "boven",
        "het"
      ]
    },
    {
      "id": "dbd3a49d0d906b4ed9216b73330d2fb080ef2f758c12f3885068222e5e17151c",
      "word": "en",
      "index": 32,
      "freqValue": 739.181,
      "vector": {
        "angle": 184,
        "radius": 2.0,
        "direction": "inward"
      },
      "linkedWords": [
        "zei",
        "water",
        "god",
        "het"
      ]
    },
    {
      "id": "5723360ef11043a879520412e9ad897e0ebcb99cc820ec363bfecc9d751a1a99",
      "word": "god",
      "index": 33,
      "freqValue": 868.951,
      "vector": {
        "angle": 201,
        "radius": 2.5,
        "direction": "outward"
      },
      "linkedWords": [
        "water",
        "en",
        "laat",
        "zei"
      ]
    },
    {
      "id": "4d018842d51975cd199be48e4342689c58cce872d4389311d1e9b2950888248a",
      "word": "zei",
      "index": 34,
      "freqValue": 106.017,
      "vector": {
        "angle": 218,
        "radius": 3.0,
        "direction": "inward"
      },
      "linkedWords": [
        "er",
        "god",
        "en",
        "laat"
      ]
    },
    {
      "id": "8192b0151fc288c00e727faefc2b32e46c39f5e82b0f1fb5dadd3ce4b4be2b17",
      "word": "laat",
      "index": 35,
      "freqValue": 459.877,
      "vector": {
        "angle": 235,
        "radius": 3.5,
        "direction": "outward"
      },
      "linkedWords": [
        "er",
        "god",
        "licht",
        "zei"
      ]
    },
    {
      "id": "cc7e4412564ba8a761bd32ab4cc6086bac3c2c9e580367e0b0eb32a4316f9154",
      "word": "er",
      "index": 36,
      "freqValue": 773.891,
      "vector": {
        "angle": 252,
        "radius": 1.0,
        "direction": "inward"
      },
      "linkedWords": [
        "zei",
        "laat",
        "zijn",
        "licht"
      ]
    },
    {
      "id": "51e51941a25275768ebad5306ffd1fb9140365029327b5ad3be585874b872a2d",
      "word": "licht",
      "index": 37,
      "freqValue": 980.24,
      "vector": {
        "angle": 269,
        "radius": 1.5,
        "direction": "outward"
      },
      "linkedWords": [
        "er",
        "laat",
        "en",
        "zijn"
      ]
    },
    {
      "id": "bb07d1178131545a9d41df3628c41c5c492d2c4893c209e8ef0a7c9713e34f64",
      "word": "zijn",
      "index": 38,
      "freqValue": 846.204,
      "vector": {
        "angle": 286,
        "radius": 2.0,
        "direction": "inward"
      },
      "linkedWords": [
        "er",
        "en",
        "licht"
      ]
    },
    {
      "id": "dbd3a49d0d906b4ed9216b73330d2fb080ef2f758c12f3885068222e5e17151c",
      "word": "en",
      "index": 39,
      "freqValue": 739.181,
      "vector": {
        "angle": 303,
        "radius": 2.5,
        "direction": "outward"
      },
      "linkedWords": [
        "er",
        "zijn",
        "was",
        "licht"
      ]
    },
    {
      "id": "cc7e4412564ba8a761bd32ab4cc6086bac3c2c9e580367e0b0eb32a4316f9154",
      "word": "er",
      "index": 40,
      "freqValue": 773.891,
      "vector": {
        "angle": 320,
        "radius": 3.0,
        "direction": "inward"
      },
      "linkedWords": [
        "en",
        "zijn",
        "was",
        "licht"
      ]
    },
    {
      "id": "b63b99f6383ba713b57ddfc77737c5f71639fa6f4663efe60a66a8c6d114b545",
      "word": "was",
      "index": 41,
      "freqValue": 313.2,
      "vector": {
        "angle": 337,
        "radius": 3.5,
        "direction": "outward"
      },
      "linkedWords": [
        "er",
        "en",
        "licht"
      ]
    },
    {
      "id": "51e51941a25275768ebad5306ffd1fb9140365029327b5ad3be585874b872a2d",
      "word": "licht",
      "index": 42,
      "freqValue": 980.24,
      "vector": {
        "angle": 354,
        "radius": 1.0,
        "direction": "inward"
      },
      "linkedWords": [
        "er",
        "god",
        "en",
        "was"
      ]
    },
    {
      "id": "dbd3a49d0d906b4ed9216b73330d2fb080ef2f758c12f3885068222e5e17151c",
      "word": "en",
      "index": 43,
      "freqValue": 739.181,
      "vector": {
        "angle": 11,
        "radius": 1.5,
        "direction": "outward"
      },
      "linkedWords": [
        "god",
        "zag",
        "was",
        "licht"
      ]
    },
    {
      "id": "5723360ef11043a879520412e9ad897e0ebcb99cc820ec363bfecc9d751a1a99",
      "word": "god",
      "index": 44,
      "freqValue": 868.951,
      "vector": {
        "angle": 28,
        "radius": 2.0,
        "direction": "inward"
      },
      "linkedWords": [
        "en",
        "zag",
        "dat",
        "licht"
      ]
    },
    {
      "id": "008f83ef82126e5360cacf94875c77bb07bef6289bf92e2ca1e95d7b2df9b886",
      "word": "zag",
      "index": 45,
      "freqValue": 816.76,
      "vector": {
        "angle": 45,
        "radius": 2.5,
        "direction": "outward"
      },
      "linkedWords": [
        "god",
        "en",
        "het",
        "dat"
      ]
    },
    {
      "id": "947d5a35ff2fe522fda5b431af955e3b27955ebc18c9e3684b07b51ae112461f",
      "word": "dat",
      "index": 46,
      "freqValue": 790.415,
      "vector": {
        "angle": 62,
        "radius": 3.0,
        "direction": "inward"
      },
      "linkedWords": [
        "god",
        "licht",
        "zag",
        "het"
      ]
    },
    {
      "id": "68419b272cd4eb1bc141223af377470bcb4f3b30a11c3849d2eb8afcf66d6ccb",
      "word": "het",
      "index": 47,
      "freqValue": 890.009,
      "vector": {
        "angle": 79,
        "radius": 3.5,
        "direction": "outward"
      },
      "linkedWords": [
        "licht",
        "zag",
        "goed",
        "dat"
      ]
    },
    {
      "id": "51e51941a25275768ebad5306ffd1fb9140365029327b5ad3be585874b872a2d",
      "word": "licht",
      "index": 48,
      "freqValue": 980.24,
      "vector": {
        "angle": 96,
        "radius": 1.0,
        "direction": "inward"
      },
      "linkedWords": [
        "goed",
        "het",
        "was",
        "dat"
      ]
    },
    {
      "id": "a887c9e57126943c3c630cf119961a9e63db998d66a18b8acc84efd71233ede6",
      "word": "goed",
      "index": 49,
      "freqValue": 88.399,
      "vector": {
        "angle": 113,
        "radius": 1.5,
        "direction": "outward"
      },
      "linkedWords": [
        "en",
        "licht",
        "was",
        "het"
      ]
    },
    {
      "id": "b63b99f6383ba713b57ddfc77737c5f71639fa6f4663efe60a66a8c6d114b545",
      "word": "was",
      "index": 50,
      "freqValue": 313.2,
      "vector": {
        "angle": 130,
        "radius": 2.0,
        "direction": "inward"
      },
      "linkedWords": [
        "en",
        "god",
        "goed",
        "licht"
      ]
    },
    {
      "id": "dbd3a49d0d906b4ed9216b73330d2fb080ef2f758c12f3885068222e5e17151c",
      "word": "en",
      "index": 51,
      "freqValue": 739.181,
      "vector": {
        "angle": 147,
        "radius": 2.5,
        "direction": "outward"
      },
      "linkedWords": [
        "god",
        "goed",
        "maakte",
        "was"
      ]
    },
    {
      "id": "5723360ef11043a879520412e9ad897e0ebcb99cc820ec363bfecc9d751a1a99",
      "word": "god",
      "index": 52,
      "freqValue": 868.951,
      "vector": {
        "angle": 164,
        "radius": 3.0,
        "direction": "inward"
      },
      "linkedWords": [
        "scheiding",
        "en",
        "maakte",
        "was"
      ]
    },
    {
      "id": "c3638def3db9e39a56dcf2560bcc820f6fd0339d4083abe3c35f62442cc3e7e5",
      "word": "maakte",
      "index": 53,
      "freqValue": 978.45,
      "vector": {
        "angle": 181,
        "radius": 3.5,
        "direction": "outward"
      },
      "linkedWords": [
        "scheiding",
        "god",
        "en",
        "tussen"
      ]
    },
    {
      "id": "e5e6142a3cca2fe80abb44a1e6ffe5ff6f2e456ac50d9ccf8a8fe649b7ed2055",
      "word": "scheiding",
      "index": 54,
      "freqValue": 79.579,
      "vector": {
        "angle": 198,
        "radius": 1.0,
        "direction": "inward"
      },
      "linkedWords": [
        "god",
        "tussen",
        "maakte",
        "het"
      ]
    },
    {
      "id": "bf3a26c04bc6eb48e047b4700bdbf4b6344408084e99d87cdcbbdddd402499f7",
      "word": "tussen",
      "index": 55,
      "freqValue": 733.19,
      "vector": {
        "angle": 215,
        "radius": 1.5,
        "direction": "outward"
      },
      "linkedWords": [
        "scheiding",
        "licht",
        "maakte",
        "het"
      ]
    },
    {
      "id": "68419b272cd4eb1bc141223af377470bcb4f3b30a11c3849d2eb8afcf66d6ccb",
      "word": "het",
      "index": 56,
      "freqValue": 890.009,
      "vector": {
        "angle": 232,
        "radius": 2.0,
        "direction": "inward"
      },
      "linkedWords": [
        "scheiding",
        "en",
        "tussen",
        "licht"
      ]
    },
    {
      "id": "51e51941a25275768ebad5306ffd1fb9140365029327b5ad3be585874b872a2d",
      "word": "licht",
      "index": 57,
      "freqValue": 980.24,
      "vector": {
        "angle": 249,
        "radius": 2.5,
        "direction": "outward"
      },
      "linkedWords": [
        "de",
        "en",
        "tussen",
        "het"
      ]
    },
    {
      "id": "dbd3a49d0d906b4ed9216b73330d2fb080ef2f758c12f3885068222e5e17151c",
      "word": "en",
      "index": 58,
      "freqValue": 739.181,
      "vector": {
        "angle": 266,
        "radius": 3.0,
        "direction": "inward"
      },
      "linkedWords": [
        "de",
        "licht",
        "duisternis",
        "het"
      ]
    },
    {
      "id": "959a45d44e6fcf58361ed004681556fe50129f2109e817dec098c00c9e5d2578",
      "word": "de",
      "index": 59,
      "freqValue": 916.522,
      "vector": {
        "angle": 283,
        "radius": 3.5,
        "direction": "outward"
      },
      "linkedWords": [
        "en",
        "duisternis",
        "licht"
      ]
    },
    {
      "id": "0041b20e74553ce7bca6b7daf5dc2d210dc656e4667a8de9150acde0fbe1e1ec",
      "word": "duisternis",
      "index": 60,
      "freqValue": 801.153,
      "vector": {
        "angle": 300,
        "radius": 1.0,
        "direction": "inward"
      },
      "linkedWords": [
        "de",
        "en"
      ]
    }
  ]
}