{
  "registry": [
    {
      "file": "\u03a8_-1_CELL_PROTECT.md",
      "tag": "#vXx0"
    },
    {
      "file": "Filosofische_formule_lagen.json",
      "tag": "#vXx_FORMULA_CORE"
    },
    {
      "file": "#vXx#_herleide_formules_matrix_v1.json",
      "tag": "#vXx_FORMULA_MATRIX"
    },
    {
      "file": "\u03a8_BOOT_PROTECT.md",
      "tag": "#vXx_BOOT"
    },
    {
      "file": "\u03a8_DEFENSE_001_interface_protection_vector.json",
      "tag": "#vXx_DEFENSE_INTERFACE"
    }
  ],
  "protected_by": "hexAI GITini",
  "verified": true
}